{"$schema":"http://schema.management.azure.com/schemas/2015-01-01/deploymentTemplate.json#","contentVersion":"1.0.0.0","parameters":{"factoryName":{"type":"string","metadata":"Data Factory name"},"DatabricksParentNotebook":{"type":"string"},"AzureSqlDatabase1":{"type":"string"},"DatalakeLinkedService":{"type":"string"}},"variables":{"factoryId":"[concat('Microsoft.DataFactory/factories/', parameters('factoryName'))]"},"resources":[{"name":"[concat(parameters('factoryName'), '/Pipeline ETL completo')]","type":"Microsoft.DataFactory/factories/pipelines","apiVersion":"2018-06-01","properties":{"description":"Crea las tablas de las transformaciones en la db de SQL si no existen, ejecuta todos los notebooks de transformaciones desde el notebook padre y finalmente copia las tablas transformadas desde SQL a archivos csv en el datalake.","activities":[{"name":"Parent Notebook","type":"DatabricksNotebook","dependsOn":[{"activity":"Creacion DBS transformaciones","dependencyConditions":["Succeeded"]}],"policy":{"timeout":"0.12:00:00","retry":0,"retryIntervalInSeconds":30,"secureOutput":false,"secureInput":false},"userProperties":[],"typeProperties":{"notebookPath":"/Shared/Parent Notebok"},"linkedServiceName":{"referenceName":"[parameters('DatabricksParentNotebook')]","type":"LinkedServiceReference"}},{"name":"Ejecutar SQLTablesToCsvTest","type":"ExecutePipeline","dependsOn":[{"activity":"Parent Notebook","dependencyConditions":["Succeeded"]}],"userProperties":[],"typeProperties":{"pipeline":{"referenceName":"SQLTablesToCsvTest","type":"PipelineReference"},"waitOnCompletion":true,"parameters":{"cw_items":{"value":"@activity('Parent Notebook').output.runOutput.tablas","type":"Expression"}}}},{"name":"Creacion DBS transformaciones","type":"Script","dependsOn":[],"policy":{"timeout":"0.12:00:00","retry":0,"retryIntervalInSeconds":30,"secureOutput":false,"secureInput":false},"userProperties":[],"linkedServiceName":{"referenceName":"[parameters('AzureSqlDatabase1')]","type":"LinkedServiceReference"},"typeProperties":{"scripts":[{"type":"NonQuery","text":"IF OBJECT_ID(N'dbo.Transformacion1', N'U') IS NULL   \nBEGIN\n    CREATE TABLE [dbo].[Transformacion1] (\n\t\tCod_Categoria VARCHAR(10) PRIMARY KEY,\n\t\tNombre_Categoria VARCHAR(20) NOT NULL)\nEND"},{"type":"NonQuery","text":"IF OBJECT_ID(N'dbo.Transformacion2', N'U') IS NULL   \r\nBEGIN\r\n    CREATE TABLE [dbo].[Transformacion2] (\r\n\t\tSuma_TotalOreMined decimal(29,4) NOT NULL)\r\nEND"},{"type":"NonQuery","text":"IF OBJECT_ID(N'dbo.Transformacion3', N'U') IS NULL   \r\nBEGIN\r\n    CREATE TABLE [dbo].[Transformacion3] (\r\n\t\t\tCountry VARCHAR(25) NOT NULL,\r\n\t\t\tFirstName VARCHAR(25) NOT NULL,\r\n\t\t\tLastName VARCHAR(25) NOT NULL,\r\n\t\t\tAge INT NOT NULL)\r\nEND"},{"type":"NonQuery","text":"IF OBJECT_ID(N'dbo.Transformacion4', N'U') IS NULL   \r\nBEGIN\r\n    CREATE TABLE [dbo].[Transformacion4] (\r\n\t\tCountry VARCHAR(25) NOT NULL, \r\n\t\tSuma_TotalWasted decimal(29,4) NOT NULL)\r\nEND"},{"type":"NonQuery","text":"IF OBJECT_ID(N'dbo.Transformacion5', N'U') IS NULL   \r\nBEGIN\r\n    CREATE TABLE [dbo].[Transformacion5] (\r\n\t\tCantidad_CodProducto INT NOT NULL)\r\nEND"},{"type":"NonQuery","text":"IF OBJECT_ID(N'dbo.Transformacion6', N'U') IS NULL   \r\nBEGIN\r\n    CREATE TABLE [dbo].[Transformacion6] (\r\n\t\t\tCod_Producto VARCHAR(20) NOT NULL,\r\n\t\t\tProducto VARCHAR(50) NOT NULL,\r\n\t\t\tCod_SubCategoria VARCHAR(20) NOT NULL,\r\n\t\t\tColor VARCHAR(20) NOT NULL)\r\nEND"},{"type":"NonQuery","text":"IF OBJECT_ID(N'dbo.Transformacion7', N'U') IS NULL   \r\nBEGIN\r\n    CREATE TABLE [dbo].[Transformacion7] (\r\n\t\tCod_SubCategoria VARCHAR(5) NOT NULL,\r\n\t\tSubCategoria VARCHAR(20) NOT NULL,\r\n\t\tCod_Categoria VARCHAR(5) NOT NULL)\r\nEND"},{"type":"NonQuery","text":"IF OBJECT_ID(N'dbo.Transformacion8', N'U') IS NULL   \r\nBEGIN\r\n    CREATE TABLE [dbo].[Transformacion8] (\r\n\t\tCod_Producto VARCHAR(30) NOT NULL,\r\n\t\tCod_Cliente VARCHAR(30) NOT NULL,\r\n\t\tCod_Territorio VARCHAR(30) NOT NULL,\r\n\t\tNumeroOrden VARCHAR(30) NOT NULL,\r\n\t\tCantidad VARCHAR(30) NOT NULL,\r\n\t\tPrecioUnitario VARCHAR(30) NOT NULL,\r\n\t\tCostoUnitario VARCHAR(30) NOT NULL,\r\n\t\tImpuesto VARCHAR(30) NOT NULL,\r\n\t\tFlete VARCHAR(30) NOT NULL,\r\n\t\tFechaOrden VARCHAR(30) NOT NULL,\r\n\t\tFechaEnvio VARCHAR(30) NOT NULL,\r\n\t\tFechaVencimiento VARCHAR(30) NOT NULL,\r\n\t\tCod_Promocion VARCHAR(30) NOT NULL,\r\n\t\tIngresos_Netos decimal(10,4) NOT NULL)\r\nEND"},{"type":"NonQuery","text":"IF OBJECT_ID(N'dbo.Transformacion9', N'U') IS NULL   \r\nBEGIN\r\n    CREATE TABLE [dbo].[Transformacion9] (\r\n\t\tCod_Producto VARCHAR(5) NOT NULL,\r\n\t\tIngreso_Neto_Promedio decimal(14,4) NOT NULL,\r\n\t\tSuma_Ingresos_Netos decimal(20,4) NOT NULL)\r\nEND"}],"scriptBlockExecutionTimeout":"02:00:00"}}],"policy":{"elapsedTimeMetric":{},"cancelAfter":{}},"annotations":[],"lastPublishTime":"2022-10-27T19:34:06Z"},"dependsOn":["[concat(variables('factoryId'), '/pipelines/SQLTablesToCsvTest')]"]},{"name":"[concat(parameters('factoryName'), '/SQLTablesToCsvTest')]","type":"Microsoft.DataFactory/factories/pipelines","apiVersion":"2018-06-01","properties":{"description":"Itera sobre cada una de las tablas transformadas en SQL y las copia en archivos csv al data lake.","activities":[{"name":"ForEach_j32","type":"ForEach","dependsOn":[],"userProperties":[],"typeProperties":{"items":{"value":"@pipeline().parameters.cw_items","type":"Expression"},"activities":[{"name":"Copy_j32","type":"Copy","dependsOn":[],"policy":{"timeout":"0.12:00:00","retry":0,"retryIntervalInSeconds":30,"secureOutput":false,"secureInput":false},"userProperties":[{"name":"Source","value":"dbo.@{item().source.table}"},{"name":"Destination","value":"sink//@{item().destination.fileName}"}],"typeProperties":{"source":{"type":"AzureSqlSource","partitionOption":"None"},"sink":{"type":"DelimitedTextSink","storeSettings":{"type":"AzureBlobFSWriteSettings"},"formatSettings":{"type":"DelimitedTextWriteSettings","quoteAllText":true,"fileExtension":".txt"}},"enableStaging":false,"validateDataConsistency":false},"inputs":[{"referenceName":"SourceDataset_j32","type":"DatasetReference","parameters":{"cw_table":"@item().source.table"}}],"outputs":[{"referenceName":"DestinationDataset_j32","type":"DatasetReference","parameters":{"cw_fileName":"@item().destination.fileName"}}]}]}}],"policy":{"elapsedTimeMetric":{},"cancelAfter":{}},"parameters":{"cw_items":{"type":"Array","defaultValue":[{"source":{"table":"Transformacion1"},"destination":{"fileName":"dboTransformacion1.csv"}},{"source":{"table":"Transformacion2"},"destination":{"fileName":"dboTransformacion2.csv"}},{"source":{"table":"Transformacion3"},"destination":{"fileName":"dboTransformacion3.csv"}},{"source":{"table":"Transformacion4"},"destination":{"fileName":"dboTransformacion4.csv"}},{"source":{"table":"Transformacion5"},"destination":{"fileName":"dboTransformacion5.csv"}},{"source":{"table":"Transformacion6"},"destination":{"fileName":"dboTransformacion6.csv"}},{"source":{"table":"Transformacion7"},"destination":{"fileName":"dboTransformacion7.csv"}},{"source":{"table":"Transformacion8"},"destination":{"fileName":"dboTransformacion8.csv"}},{"source":{"table":"Transformacion9"},"destination":{"fileName":"dboTransformacion9.csv"}}]}},"annotations":[],"lastPublishTime":"2022-10-27T19:35:27Z"},"dependsOn":["[concat(variables('factoryId'), '/datasets/SourceDataset_j32')]","[concat(variables('factoryId'), '/datasets/DestinationDataset_j32')]"]},{"name":"[concat(parameters('factoryName'), '/SourceDataset_j32')]","type":"Microsoft.DataFactory/factories/datasets","apiVersion":"2018-06-01","properties":{"linkedServiceName":{"referenceName":"[parameters('AzureSqlDatabase1')]","type":"LinkedServiceReference"},"parameters":{"cw_table":{"type":"String"}},"annotations":[],"type":"AzureSqlTable","schema":[],"typeProperties":{"schema":"dbo","table":{"value":"@dataset().cw_table","type":"Expression"}}},"dependsOn":[]},{"name":"[concat(parameters('factoryName'), '/DestinationDataset_j32')]","type":"Microsoft.DataFactory/factories/datasets","apiVersion":"2018-06-01","properties":{"linkedServiceName":{"referenceName":"[parameters('DatalakeLinkedService')]","type":"LinkedServiceReference"},"parameters":{"cw_fileName":{"type":"String"}},"annotations":[],"type":"DelimitedText","typeProperties":{"location":{"type":"AzureBlobFSLocation","fileName":{"value":"@dataset().cw_fileName","type":"Expression"},"fileSystem":"sink"},"columnDelimiter":",","escapeChar":"\\","firstRowAsHeader":true,"quoteChar":"\""},"schema":[]},"dependsOn":[]}]}