{"$schema":"http://schema.management.azure.com/schemas/2015-01-01/deploymentTemplate.json#","contentVersion":"1.0.0.0","parameters":{"factoryName":{"type":"string","metadata":"Data Factory name"},"AzureSqlDatabase1":{"type":"string"},"StorageScriptsSQL":{"type":"string"}},"variables":{"factoryId":"[concat('Microsoft.DataFactory/factories/', parameters('factoryName'))]"},"resources":[{"name":"[concat(parameters('factoryName'), '/Crear tablas desde scripts SQL')]","type":"Microsoft.DataFactory/factories/pipelines","apiVersion":"2018-06-01","properties":{"activities":[{"name":"Leer carpeta scripts","type":"GetMetadata","dependsOn":[],"policy":{"timeout":"0.12:00:00","retry":0,"retryIntervalInSeconds":30,"secureOutput":false,"secureInput":false},"userProperties":[],"typeProperties":{"dataset":{"referenceName":"Scripts_SQL","type":"DatasetReference","parameters":{}},"fieldList":["childItems"],"storeSettings":{"type":"AzureBlobStorageReadSettings","enablePartitionDiscovery":false},"formatSettings":{"type":"DelimitedTextReadSettings"}}},{"name":"Iterar creacion de tablas","type":"ForEach","dependsOn":[{"activity":"Leer carpeta scripts","dependencyConditions":["Succeeded"]}],"userProperties":[],"typeProperties":{"items":{"value":"@activity('Leer carpeta scripts').output.childItems","type":"Expression"},"isSequential":true,"activities":[{"name":"Leer script","type":"WebActivity","dependsOn":[{"activity":"Crear url al script","dependencyConditions":["Succeeded"]}],"policy":{"timeout":"0.12:00:00","retry":0,"retryIntervalInSeconds":30,"secureOutput":false,"secureInput":false},"userProperties":[],"typeProperties":{"url":{"value":"@variables('scripturl')","type":"Expression"},"method":"GET","headers":{"x-ms-version":"2017-11-09","x-ms-blob-type":"BlockBlob"},"authentication":{"type":"MSI","resource":"https://storage.azure.com/"}}},{"name":"Crear url al script","type":"SetVariable","dependsOn":[],"userProperties":[],"typeProperties":{"variableName":"scripturl","value":{"value":"@concat('https://stoaccgrupo1.blob.core.windows.net/sqlscripts/',item().name)","type":"Expression"}}},{"name":"Ejecutar script","type":"Script","dependsOn":[{"activity":"Leer script","dependencyConditions":["Succeeded"]}],"policy":{"timeout":"0.12:00:00","retry":0,"retryIntervalInSeconds":30,"secureOutput":false,"secureInput":false},"userProperties":[],"linkedServiceName":{"referenceName":"[parameters('AzureSqlDatabase1')]","type":"LinkedServiceReference"},"typeProperties":{"scripts":[{"type":"NonQuery","text":{"value":"@activity('Leer script').output.Response","type":"Expression"}}],"scriptBlockExecutionTimeout":"02:00:00"}}]}}],"policy":{"elapsedTimeMetric":{},"cancelAfter":{}},"variables":{"scripturl":{"type":"String"}},"annotations":[]},"dependsOn":["[concat(variables('factoryId'), '/datasets/Scripts_SQL')]"]},{"name":"[concat(parameters('factoryName'), '/Scripts_SQL')]","type":"Microsoft.DataFactory/factories/datasets","apiVersion":"2018-06-01","properties":{"linkedServiceName":{"referenceName":"[parameters('StorageScriptsSQL')]","type":"LinkedServiceReference"},"annotations":[],"type":"DelimitedText","typeProperties":{"location":{"type":"AzureBlobStorageLocation","container":"sqlscripts"},"columnDelimiter":",","escapeChar":"\\","quoteChar":"\""},"schema":[]},"dependsOn":[]}]}