{"$schema":"http://schema.management.azure.com/schemas/2015-01-01/deploymentTemplate.json#","contentVersion":"1.0.0.0","parameters":{"factoryName":{"type":"string","metadata":"Data Factory name"},"AzSqlDdbbLinkedService-809768150":{"type":"string"},"AzureBlobStorage1":{"type":"string"}},"variables":{"factoryId":"[concat('Microsoft.DataFactory/factories/', parameters('factoryName'))]"},"resources":[{"name":"[concat(parameters('factoryName'), '/Copy data SQL to CSV')]","type":"Microsoft.DataFactory/factories/pipelines","apiVersion":"2018-06-01","properties":{"activities":[{"name":"ForEach_vj3","type":"ForEach","dependsOn":[],"userProperties":[],"typeProperties":{"items":{"value":"@pipeline().parameters.cw_items","type":"Expression"},"activities":[{"name":"Copy_vj3","type":"Copy","dependsOn":[],"policy":{"timeout":"0.12:00:00","retry":0,"retryIntervalInSeconds":30,"secureOutput":false,"secureInput":false},"userProperties":[{"name":"Source","value":"dbo.@{item().source.table}"},{"name":"Destination","value":"tablas//@{item().destination.fileName}"}],"typeProperties":{"source":{"type":"AzureSqlSource","partitionOption":"None"},"sink":{"type":"DelimitedTextSink","storeSettings":{"type":"AzureBlobStorageWriteSettings"},"formatSettings":{"type":"DelimitedTextWriteSettings","quoteAllText":true,"fileExtension":".txt"}},"enableStaging":false,"validateDataConsistency":false},"inputs":[{"referenceName":"SourceDataset_vj3","type":"DatasetReference","parameters":{"cw_table":"@item().source.table"}}],"outputs":[{"referenceName":"DestinationDataset_vj3","type":"DatasetReference","parameters":{"cw_fileName":"@item().destination.fileName"}}]}]}}],"policy":{"elapsedTimeMetric":{},"cancelAfter":{}},"parameters":{"cw_items":{"type":"Array","defaultValue":[{"source":{"table":"Categoria"},"destination":{"fileName":"dboCategoria.csv"}},{"source":{"table":"FactMine"},"destination":{"fileName":"dboFactMine.csv"}},{"source":{"table":"Mine"},"destination":{"fileName":"dboMine.csv"}},{"source":{"table":"Producto"},"destination":{"fileName":"dboProducto.csv"}},{"source":{"table":"SubCategoria"},"destination":{"fileName":"dboSubCategoria.csv"}},{"source":{"table":"Sucursales"},"destination":{"fileName":"dboSucursales.csv"}},{"source":{"table":"VentasInternet"},"destination":{"fileName":"dboVentasInternet.csv"}}]}},"variables":{"tablas_csv":{"type":"Array"},"string_archivos":{"type":"String"}},"annotations":[],"lastPublishTime":"2022-11-01T19:23:25Z"},"dependsOn":["[concat(variables('factoryId'), '/datasets/SourceDataset_vj3')]","[concat(variables('factoryId'), '/datasets/DestinationDataset_vj3')]"]},{"name":"[concat(parameters('factoryName'), '/SourceDataset_vj3')]","type":"Microsoft.DataFactory/factories/datasets","apiVersion":"2018-06-01","properties":{"linkedServiceName":{"referenceName":"[parameters('AzSqlDdbbLinkedService-809768150')]","type":"LinkedServiceReference"},"parameters":{"cw_table":{"type":"String"}},"annotations":[],"type":"AzureSqlTable","schema":[],"typeProperties":{"schema":"dbo","table":{"value":"@dataset().cw_table","type":"Expression"}}},"dependsOn":[]},{"name":"[concat(parameters('factoryName'), '/DestinationDataset_vj3')]","type":"Microsoft.DataFactory/factories/datasets","apiVersion":"2018-06-01","properties":{"linkedServiceName":{"referenceName":"[parameters('AzureBlobStorage1')]","type":"LinkedServiceReference"},"parameters":{"cw_fileName":{"type":"String"}},"annotations":[],"type":"DelimitedText","typeProperties":{"location":{"type":"AzureBlobStorageLocation","fileName":{"value":"@dataset().cw_fileName","type":"Expression"},"container":"tablascsv"},"columnDelimiter":",","escapeChar":"\\","firstRowAsHeader":true,"quoteChar":"\""},"schema":[]},"dependsOn":[]}]}