{"$schema":"http://schema.management.azure.com/schemas/2015-01-01/deploymentTemplate.json#","contentVersion":"1.0.0.0","parameters":{"factoryName":{"type":"string","metadata":"Data Factory name"},"AzureSqlDatabase1":{"type":"string"},"AzureDatabricks1":{"type":"string"},"AzureDataLakeStorage1":{"type":"string"}},"variables":{"factoryId":"[concat('Microsoft.DataFactory/factories/', parameters('factoryName'))]"},"resources":[{"name":"[concat(parameters('factoryName'), '/Pipeline_llenado_db')]","type":"Microsoft.DataFactory/factories/pipelines","apiVersion":"2018-06-01","properties":{"activities":[{"name":"Consulta aSQL","type":"Lookup","dependsOn":[],"policy":{"timeout":"0.12:00:00","retry":0,"retryIntervalInSeconds":30,"secureOutput":false,"secureInput":false},"userProperties":[],"typeProperties":{"source":{"type":"AzureSqlSource","sqlReaderQuery":{"value":"IF OBJECT_ID (N'Productos_Sucursales', N'U') IS NOT NULL \n   SELECT 1 AS res ELSE SELECT 0 AS res;","type":"Expression"},"queryTimeout":"02:00:00","partitionOption":"None"},"dataset":{"referenceName":"AzureSqlTable","type":"DatasetReference","parameters":{}},"firstRowOnly":false}},{"name":"Filtramos respuesta","type":"SetVariable","dependsOn":[{"activity":"Consulta aSQL","dependencyConditions":["Succeeded"]}],"userProperties":[],"typeProperties":{"variableName":"res","value":{"value":"@bool(activity('Consulta aSQL').output.value[0].res)","type":"Expression"}}},{"name":"Crear y llenar tablas si no existen","type":"IfCondition","dependsOn":[{"activity":"Filtramos respuesta","dependencyConditions":["Succeeded"]}],"userProperties":[],"typeProperties":{"expression":{"value":"@variables('res')","type":"Expression"},"ifFalseActivities":[{"name":"Script1","type":"Script","dependsOn":[],"policy":{"timeout":"0.12:00:00","retry":0,"retryIntervalInSeconds":30,"secureOutput":false,"secureInput":false},"userProperties":[],"linkedServiceName":{"referenceName":"[parameters('AzureSqlDatabase1')]","type":"LinkedServiceReference"},"typeProperties":{"scripts":[{"type":"NonQuery","text":{"value":"IF OBJECT_ID(N'dbo.Producto_Unico', N'U') IS NULL   \nBEGIN\n    CREATE TABLE [dbo].[Producto_Unico] (\n\t\tCod_Producto INT IDENTITY(1,1) PRIMARY KEY,\n\t\tProducto VARCHAR(50),\n        Cod_Subcategoria INT,\n        Cod_Categoria INT)\n\nEND","type":"Expression"}},{"type":"NonQuery","text":{"value":"IF OBJECT_ID(N'dbo.Productos_Sucursales', N'U') IS NULL   \nBEGIN\n  CREATE TABLE Productos_Sucursales (\n    Cod_Producto INT,\n    Cod_Sucursal INT,\n    Stock INT,\n    Stock_Inicial INT,\n    PRIMARY KEY(Cod_Producto,Cod_Sucursal));\n\nEND","type":"Expression"}}],"scriptBlockExecutionTimeout":"02:00:00"}},{"name":"Notebook tablas intermedias","type":"DatabricksNotebook","dependsOn":[{"activity":"Script1","dependencyConditions":["Succeeded"]}],"policy":{"timeout":"0.12:00:00","retry":0,"retryIntervalInSeconds":30,"secureOutput":false,"secureInput":false},"userProperties":[],"typeProperties":{"notebookPath":"/Shared/Transformaciones tablas intermedias"},"linkedServiceName":{"referenceName":"[parameters('AzureDatabricks1')]","type":"LinkedServiceReference"}}]}},{"name":"diccionario_de_tablas","type":"SetVariable","dependsOn":[{"activity":"Crear y llenar tablas si no existen","dependencyConditions":["Succeeded"]}],"userProperties":[],"typeProperties":{"variableName":"array_tablas","value":{"value":"@pipeline().parameters.diccionario_tablas","type":"Expression"}}},{"name":"Copiar_tabas_sql_a_csv","type":"ExecutePipeline","dependsOn":[{"activity":"diccionario_de_tablas","dependencyConditions":["Succeeded"]}],"userProperties":[],"typeProperties":{"pipeline":{"referenceName":"Copy_table_a_Sql_csv","type":"PipelineReference"},"waitOnCompletion":true,"parameters":{"cw_items":{"value":"@variables('array_tablas')","type":"Expression"}}}}],"policy":{"elapsedTimeMetric":{},"cancelAfter":{}},"parameters":{"diccionario_tablas":{"type":"array","defaultValue":[{"source":{"table":"Producto_Unico"},"destination":{"fileName":"Producto_Unico.csv"}},{"source":{"table":"Productos_Sucursales"},"destination":{"fileName":"Producto_Sucursales.csv"}},{"source":{"table":"Categoria"},"destination":{"fileName":"dboCategoria.csv"}},{"source":{"table":"SubCategoria"},"destination":{"fileName":"dboSubCategoria.csv"}}]}},"variables":{"res":{"type":"Boolean"},"array_tablas":{"type":"Array"}},"annotations":[],"lastPublishTime":"2022-11-22T12:49:31Z"},"dependsOn":["[concat(variables('factoryId'), '/datasets/AzureSqlTable')]","[concat(variables('factoryId'), '/pipelines/Copy_table_a_Sql_csv')]"]},{"name":"[concat(parameters('factoryName'), '/AzureSqlTable')]","type":"Microsoft.DataFactory/factories/datasets","apiVersion":"2018-06-01","properties":{"linkedServiceName":{"referenceName":"[parameters('AzureSqlDatabase1')]","type":"LinkedServiceReference"},"annotations":[],"type":"AzureSqlTable","schema":[],"typeProperties":{"schema":"dbo","table":"Categoria"}},"dependsOn":[]},{"name":"[concat(parameters('factoryName'), '/Copy_table_a_Sql_csv')]","type":"Microsoft.DataFactory/factories/pipelines","apiVersion":"2018-06-01","properties":{"activities":[{"name":"ForEach_81u","type":"ForEach","dependsOn":[],"userProperties":[],"typeProperties":{"items":{"value":"@pipeline().parameters.cw_items","type":"Expression"},"activities":[{"name":"Copy_table_sql_datalake","type":"Copy","dependsOn":[],"policy":{"timeout":"0.12:00:00","retry":0,"retryIntervalInSeconds":30,"secureOutput":false,"secureInput":false},"userProperties":[{"name":"Source","value":"dbo.@{item().source.table}"},{"name":"Destination","value":"sink//@{item().destination.fileName}"}],"typeProperties":{"source":{"type":"AzureSqlSource","partitionOption":"None"},"sink":{"type":"DelimitedTextSink","storeSettings":{"type":"AzureBlobFSWriteSettings"},"formatSettings":{"type":"DelimitedTextWriteSettings","quoteAllText":true,"fileExtension":".txt"}},"enableStaging":false,"validateDataConsistency":false},"inputs":[{"referenceName":"SourceDataset_81u","type":"DatasetReference","parameters":{"cw_table":"@item().source.table"}}],"outputs":[{"referenceName":"DestinationDataset_81u","type":"DatasetReference","parameters":{"cw_fileName":"@item().destination.fileName"}}]}]}}],"policy":{"elapsedTimeMetric":{},"cancelAfter":{}},"parameters":{"cw_items":{"type":"Array","defaultValue":[{"source":{"table":"Producto_Unico"},"destination":{"fileName":"dboProducto_Unico.csv"}},{"source":{"table":"Productos_Sucursales"},"destination":{"fileName":"Productos_Sucursales.csv"}}]}},"annotations":[],"lastPublishTime":"2022-11-22T12:49:31Z"},"dependsOn":["[concat(variables('factoryId'), '/datasets/SourceDataset_81u')]","[concat(variables('factoryId'), '/datasets/DestinationDataset_81u')]"]},{"name":"[concat(parameters('factoryName'), '/SourceDataset_81u')]","type":"Microsoft.DataFactory/factories/datasets","apiVersion":"2018-06-01","properties":{"linkedServiceName":{"referenceName":"[parameters('AzureSqlDatabase1')]","type":"LinkedServiceReference"},"parameters":{"cw_table":{"type":"String"}},"annotations":[],"type":"AzureSqlTable","schema":[],"typeProperties":{"schema":"dbo","table":{"value":"@dataset().cw_table","type":"Expression"}}},"dependsOn":[]},{"name":"[concat(parameters('factoryName'), '/DestinationDataset_81u')]","type":"Microsoft.DataFactory/factories/datasets","apiVersion":"2018-06-01","properties":{"linkedServiceName":{"referenceName":"[parameters('AzureDataLakeStorage1')]","type":"LinkedServiceReference"},"parameters":{"cw_fileName":{"type":"String"}},"annotations":[],"type":"DelimitedText","typeProperties":{"location":{"type":"AzureBlobFSLocation","fileName":{"value":"@dataset().cw_fileName","type":"Expression"},"fileSystem":"sink"},"columnDelimiter":",","escapeChar":"\\","firstRowAsHeader":true,"quoteChar":"\""},"schema":[]},"dependsOn":[]}]}