{"$schema":"http://schema.management.azure.com/schemas/2015-01-01/deploymentTemplate.json#","contentVersion":"1.0.0.0","parameters":{"factoryName":{"type":"string","metadata":"Data Factory name"},"Databricks_Notebook_LinkedService":{"type":"string"},"Source_BlobStorage_LinkedService":{"type":"string"},"SQL_LinkedService":{"type":"string"}},"variables":{"factoryId":"[concat('Microsoft.DataFactory/factories/', parameters('factoryName'))]"},"resources":[{"name":"[concat(parameters('factoryName'), '/Pipeline ETL completo')]","type":"Microsoft.DataFactory/factories/pipelines","apiVersion":"2018-06-01","properties":{"activities":[{"name":"Traer tablas CSV","type":"ExecutePipeline","dependsOn":[{"activity":"Crear CSV si no existen","dependencyConditions":["Completed"]}],"userProperties":[],"typeProperties":{"pipeline":{"referenceName":"Busqueda de tablas CSV","type":"PipelineReference"},"waitOnCompletion":true,"parameters":{}}},{"name":"Verificar existencia de CSV","type":"GetMetadata","dependsOn":[],"policy":{"timeout":"0.12:00:00","retry":0,"retryIntervalInSeconds":30,"secureOutput":false,"secureInput":false},"userProperties":[],"typeProperties":{"dataset":{"referenceName":"VerificarExistencia","type":"DatasetReference","parameters":{}},"fieldList":["exists"],"storeSettings":{"type":"AzureBlobStorageReadSettings","recursive":true,"enablePartitionDiscovery":false},"formatSettings":{"type":"DelimitedTextReadSettings"}}},{"name":"Crear CSV si no existen","type":"IfCondition","dependsOn":[{"activity":"Verificar existencia de CSV","dependencyConditions":["Succeeded"]}],"userProperties":[],"typeProperties":{"expression":{"value":"@activity('Verificar existencia de CSV').output.exists","type":"Expression"},"ifFalseActivities":[{"name":"Copy data SQL a CSV","type":"ExecutePipeline","dependsOn":[{"activity":"Array de tablas","dependencyConditions":["Succeeded"]}],"userProperties":[],"typeProperties":{"pipeline":{"referenceName":"Copy data SQL to CSV","type":"PipelineReference"},"waitOnCompletion":true,"parameters":{"cw_items":{"value":"@variables('array_tablas')","type":"Expression"}}}},{"name":"Array de tablas","type":"SetVariable","dependsOn":[],"userProperties":[],"typeProperties":{"variableName":"array_tablas","value":{"value":"@pipeline().parameters.diccionariosTablas","type":"Expression"}}}]}},{"name":"Parent notebook unico","type":"DatabricksNotebook","dependsOn":[{"activity":"String de tablas","dependencyConditions":["Succeeded"]}],"policy":{"timeout":"0.12:00:00","retry":0,"retryIntervalInSeconds":30,"secureOutput":false,"secureInput":false},"userProperties":[],"typeProperties":{"notebookPath":"/Shared/Parent notebook unico","baseParameters":{"parametro_direcciones":{"value":"@variables('string_tablas')","type":"Expression"},"storage_account_name":"stgaccgrupo1","storage_account_access_key":"spo5s/hxMUaeHqRU6ol4QNC6KMXk5Ji5xIUeb66nTV0qvrWAfGGUClsG+8l0dNWs4zY6+IZ9wwsy+AStVGXOfQ==","datalake_account_name":"datalakegrupo1","datalake_access_key":"Z/R/PZu20/4S649i7iaD6lBJHvwBxzZYrkYSwxk3wz654E0LrQielbcFJeQpjaljT5ZxOqwan09k+ASt9taoPQ=="}},"linkedServiceName":{"referenceName":"[parameters('Databricks_Notebook_LinkedService')]","type":"LinkedServiceReference"}},{"name":"Traer output","type":"WebActivity","dependsOn":[{"activity":"Traer tablas CSV","dependencyConditions":["Succeeded"]}],"policy":{"timeout":"0.12:00:00","retry":0,"retryIntervalInSeconds":30,"secureOutput":false,"secureInput":false},"userProperties":[],"typeProperties":{"url":{"value":"https://management.azure.com/subscriptions/5b3af01b-6743-49a6-8e13-b4ad5760cdcb/resourceGroups/Rgmarconcz/providers/Microsoft.DataFactory/factories/@{pipeline().DataFactory}/pipelineruns/@{activity('Traer tablas CSV').output.pipelineRunId}/queryActivityruns?api-version=2018-06-01","type":"Expression"},"method":"POST","headers":{"Content-Type":"application/json"},"body":{"value":"{\n  \"lastUpdatedAfter\": \"@{addDays(utcNow(),-1)}\",\n  \"lastUpdatedBefore\": \"@{addDays(utcNow(),1)}\"\n}","type":"Expression"},"authentication":{"type":"MSI","resource":"https://management.azure.com"}}},{"name":"String de tablas","type":"SetVariable","dependsOn":[{"activity":"Traer output","dependencyConditions":["Succeeded"]}],"userProperties":[],"typeProperties":{"variableName":"string_tablas","value":{"value":"@activity('Traer output').output.value[9].output.value","type":"Expression"}}}],"policy":{"elapsedTimeMetric":{},"cancelAfter":{}},"parameters":{"diccionariosTablas":{"type":"array","defaultValue":[{"source":{"table":"Categoria"},"destination":{"fileName":"dboCategoria.csv"}},{"source":{"table":"FactMine"},"destination":{"fileName":"dboFactMine.csv"}},{"source":{"table":"Mine"},"destination":{"fileName":"dboMine.csv"}},{"source":{"table":"Producto"},"destination":{"fileName":"dboProducto.csv"}},{"source":{"table":"SubCategoria"},"destination":{"fileName":"dboSubCategoria.csv"}},{"source":{"table":"Sucursales"},"destination":{"fileName":"dboSucursales.csv"}},{"source":{"table":"VentasInternet"},"destination":{"fileName":"dboVentasInternet.csv"}}]}},"variables":{"tablas":{"type":"Array"},"array_tablas":{"type":"Array"},"string_tablas":{"type":"String"}},"annotations":[]},"dependsOn":["[concat(variables('factoryId'), '/pipelines/Busqueda de tablas CSV')]","[concat(variables('factoryId'), '/datasets/VerificarExistencia')]","[concat(variables('factoryId'), '/pipelines/Copy data SQL to CSV')]"]},{"name":"[concat(parameters('factoryName'), '/Busqueda de tablas CSV')]","type":"Microsoft.DataFactory/factories/pipelines","apiVersion":"2018-06-01","properties":{"activities":[{"name":"Buscar tablas csv","type":"GetMetadata","dependsOn":[],"policy":{"timeout":"0.12:00:00","retry":0,"retryIntervalInSeconds":30,"secureOutput":false,"secureInput":false},"userProperties":[],"typeProperties":{"dataset":{"referenceName":"tablas_csv","type":"DatasetReference","parameters":{}},"fieldList":["childItems"],"storeSettings":{"type":"AzureBlobStorageReadSettings","recursive":true,"enablePartitionDiscovery":false},"formatSettings":{"type":"DelimitedTextReadSettings"}}},{"name":"Iterar archivos csv","type":"ForEach","dependsOn":[{"activity":"Buscar tablas csv","dependencyConditions":["Succeeded"]}],"userProperties":[],"typeProperties":{"items":{"value":"@activity('Buscar tablas csv').output.childItems","type":"Expression"},"isSequential":true,"activities":[{"name":"Nombre archivo csv","type":"AppendVariable","dependsOn":[],"userProperties":[],"typeProperties":{"variableName":"tablas_csv","value":{"value":"@item().name","type":"Expression"}}}]}},{"name":"Crear string tablas","type":"SetVariable","dependsOn":[{"activity":"Iterar archivos csv","dependencyConditions":["Succeeded"]}],"userProperties":[],"typeProperties":{"variableName":"string_archivos","value":{"value":"@join(variables('tablas_csv'),',')","type":"Expression"}}}],"policy":{"elapsedTimeMetric":{},"cancelAfter":{}},"variables":{"tablas_csv":{"type":"Array"},"string_archivos":{"type":"String"},"string_tablas":{"type":"String"}},"annotations":[]},"dependsOn":["[concat(variables('factoryId'), '/datasets/tablas_csv')]"]},{"name":"[concat(parameters('factoryName'), '/VerificarExistencia')]","type":"Microsoft.DataFactory/factories/datasets","apiVersion":"2018-06-01","properties":{"linkedServiceName":{"referenceName":"[parameters('Source_BlobStorage_LinkedService')]","type":"LinkedServiceReference"},"annotations":[],"type":"DelimitedText","typeProperties":{"location":{"type":"AzureBlobStorageLocation","fileName":"dboCategoria.csv","container":"tablascsv"},"columnDelimiter":",","escapeChar":"\\","quoteChar":"\""},"schema":[{"type":"String"},{"type":"String"}]},"dependsOn":[]},{"name":"[concat(parameters('factoryName'), '/tablas_csv')]","type":"Microsoft.DataFactory/factories/datasets","apiVersion":"2018-06-01","properties":{"linkedServiceName":{"referenceName":"[parameters('Source_BlobStorage_LinkedService')]","type":"LinkedServiceReference"},"annotations":[],"type":"DelimitedText","typeProperties":{"location":{"type":"AzureBlobStorageLocation","container":"tablascsv"},"columnDelimiter":",","escapeChar":"\\","quoteChar":"\""},"schema":[{"type":"String"},{"type":"String"}]},"dependsOn":[]},{"name":"[concat(parameters('factoryName'), '/Copy data SQL to CSV')]","type":"Microsoft.DataFactory/factories/pipelines","apiVersion":"2018-06-01","properties":{"activities":[{"name":"ForEach_vj3","type":"ForEach","dependsOn":[],"userProperties":[],"typeProperties":{"items":{"value":"@pipeline().parameters.cw_items","type":"Expression"},"activities":[{"name":"Copy_vj3","type":"Copy","dependsOn":[],"policy":{"timeout":"0.12:00:00","retry":0,"retryIntervalInSeconds":30,"secureOutput":false,"secureInput":false},"userProperties":[{"name":"Source","value":"dbo.@{item().source.table}"},{"name":"Destination","value":"tablas//@{item().destination.fileName}"}],"typeProperties":{"source":{"type":"AzureSqlSource","partitionOption":"None"},"sink":{"type":"DelimitedTextSink","storeSettings":{"type":"AzureBlobStorageWriteSettings"},"formatSettings":{"type":"DelimitedTextWriteSettings","quoteAllText":true,"fileExtension":".txt"}},"enableStaging":false,"validateDataConsistency":false},"inputs":[{"referenceName":"SourceDataset_vj3","type":"DatasetReference","parameters":{"cw_table":"@item().source.table"}}],"outputs":[{"referenceName":"DestinationDataset_vj3","type":"DatasetReference","parameters":{"cw_fileName":"@item().destination.fileName"}}]}]}}],"policy":{"elapsedTimeMetric":{},"cancelAfter":{}},"parameters":{"cw_items":{"type":"Array","defaultValue":[{"source":{"table":"Categoria"},"destination":{"fileName":"dboCategoria.csv"}},{"source":{"table":"FactMine"},"destination":{"fileName":"dboFactMine.csv"}},{"source":{"table":"Mine"},"destination":{"fileName":"dboMine.csv"}},{"source":{"table":"Producto"},"destination":{"fileName":"dboProducto.csv"}},{"source":{"table":"SubCategoria"},"destination":{"fileName":"dboSubCategoria.csv"}},{"source":{"table":"Sucursales"},"destination":{"fileName":"dboSucursales.csv"}},{"source":{"table":"VentasInternet"},"destination":{"fileName":"dboVentasInternet.csv"}}]}},"variables":{"tablas_csv":{"type":"Array"},"string_archivos":{"type":"String"},"string_tablas":{"type":"String"}},"annotations":[],"lastPublishTime":"2022-11-01T19:23:25Z"},"dependsOn":["[concat(variables('factoryId'), '/datasets/SourceDataset_vj3')]","[concat(variables('factoryId'), '/datasets/DestinationDataset_vj3')]"]},{"name":"[concat(parameters('factoryName'), '/SourceDataset_vj3')]","type":"Microsoft.DataFactory/factories/datasets","apiVersion":"2018-06-01","properties":{"linkedServiceName":{"referenceName":"[parameters('SQL_LinkedService')]","type":"LinkedServiceReference"},"parameters":{"cw_table":{"type":"String"}},"annotations":[],"type":"AzureSqlTable","schema":[],"typeProperties":{"schema":"dbo","table":{"value":"@dataset().cw_table","type":"Expression"}}},"dependsOn":[]},{"name":"[concat(parameters('factoryName'), '/DestinationDataset_vj3')]","type":"Microsoft.DataFactory/factories/datasets","apiVersion":"2018-06-01","properties":{"linkedServiceName":{"referenceName":"[parameters('Source_BlobStorage_LinkedService')]","type":"LinkedServiceReference"},"parameters":{"cw_fileName":{"type":"String"}},"annotations":[],"type":"DelimitedText","typeProperties":{"location":{"type":"AzureBlobStorageLocation","fileName":{"value":"@dataset().cw_fileName","type":"Expression"},"container":"tablascsv"},"columnDelimiter":",","escapeChar":"\\","firstRowAsHeader":true,"quoteChar":"\""},"schema":[]},"dependsOn":[]}]}