{"$schema":"http://schema.management.azure.com/schemas/2015-01-01/deploymentTemplate.json#","contentVersion":"1.0.0.0","parameters":{"factoryName":{"type":"string","metadata":"Data Factory name"},"AzureSqlDatabase1":{"type":"string"}},"variables":{"factoryId":"[concat('Microsoft.DataFactory/factories/', parameters('factoryName'))]"},"resources":[{"name":"[concat(parameters('factoryName'), '/Creacion rapida DBs scripts')]","type":"Microsoft.DataFactory/factories/pipelines","apiVersion":"2018-06-01","properties":{"activities":[{"name":"Creacion DBS transformaciones","type":"Script","dependsOn":[],"policy":{"timeout":"0.12:00:00","retry":0,"retryIntervalInSeconds":30,"secureOutput":false,"secureInput":false},"userProperties":[],"linkedServiceName":{"referenceName":"[parameters('AzureSqlDatabase1')]","type":"LinkedServiceReference"},"typeProperties":{"scripts":[{"type":"NonQuery","text":"IF OBJECT_ID(N'dbo.Transformacion1', N'U') IS NULL   \nBEGIN\n    CREATE TABLE [dbo].[Transformacion1] (\n\t\tCod_Categoria VARCHAR(10) PRIMARY KEY,\n\t\tNombre_Categoria VARCHAR(20) NOT NULL)\nEND"},{"type":"NonQuery","text":"IF OBJECT_ID(N'dbo.Transformacion2', N'U') IS NULL   \r\nBEGIN\r\n    CREATE TABLE [dbo].[Transformacion2] (\r\n\t\tSuma_TotalOreMined decimal(29,4) NOT NULL)\r\nEND"},{"type":"NonQuery","text":"IF OBJECT_ID(N'dbo.Transformacion3', N'U') IS NULL   \r\nBEGIN\r\n    CREATE TABLE [dbo].[Transformacion3] (\r\n\t\t\tCountry VARCHAR(25) NOT NULL,\r\n\t\t\tFirstName VARCHAR(25) NOT NULL,\r\n\t\t\tLastName VARCHAR(25) NOT NULL,\r\n\t\t\tAge INT NOT NULL)\r\nEND"},{"type":"NonQuery","text":"IF OBJECT_ID(N'dbo.Transformacion4', N'U') IS NULL   \r\nBEGIN\r\n    CREATE TABLE [dbo].[Transformacion4] (\r\n\t\tCountry VARCHAR(25) NOT NULL, \r\n\t\tSuma_TotalWasted decimal(29,4) NOT NULL)\r\nEND"},{"type":"NonQuery","text":"IF OBJECT_ID(N'dbo.Transformacion5', N'U') IS NULL   \r\nBEGIN\r\n    CREATE TABLE [dbo].[Transformacion5] (\r\n\t\tCantidad_CodProducto INT NOT NULL)\r\nEND"},{"type":"NonQuery","text":"IF OBJECT_ID(N'dbo.Transformacion6', N'U') IS NULL   \r\nBEGIN\r\n    CREATE TABLE [dbo].[Transformacion6] (\r\n\t\t\tCod_Producto VARCHAR(20) NOT NULL,\r\n\t\t\tProducto VARCHAR(50) NOT NULL,\r\n\t\t\tCod_SubCategoria VARCHAR(20) NOT NULL,\r\n\t\t\tColor VARCHAR(20) NOT NULL)\r\nEND"},{"type":"NonQuery","text":"IF OBJECT_ID(N'dbo.Transformacion7', N'U') IS NULL   \r\nBEGIN\r\n    CREATE TABLE [dbo].[Transformacion7] (\r\n\t\tCod_SubCategoria VARCHAR(5) NOT NULL,\r\n\t\tSubCategoria VARCHAR(20) NOT NULL,\r\n\t\tCod_Categoria VARCHAR(5) NOT NULL)\r\nEND"},{"type":"NonQuery","text":"IF OBJECT_ID(N'dbo.Transformacion8', N'U') IS NULL   \r\nBEGIN\r\n    CREATE TABLE [dbo].[Transformacion8] (\r\n\t\tCod_Producto VARCHAR(30) NOT NULL,\r\n\t\tCod_Cliente VARCHAR(30) NOT NULL,\r\n\t\tCod_Territorio VARCHAR(30) NOT NULL,\r\n\t\tNumeroOrden VARCHAR(30) NOT NULL,\r\n\t\tCantidad VARCHAR(30) NOT NULL,\r\n\t\tPrecioUnitario VARCHAR(30) NOT NULL,\r\n\t\tCostoUnitario VARCHAR(30) NOT NULL,\r\n\t\tImpuesto VARCHAR(30) NOT NULL,\r\n\t\tFlete VARCHAR(30) NOT NULL,\r\n\t\tFechaOrden VARCHAR(30) NOT NULL,\r\n\t\tFechaEnvio VARCHAR(30) NOT NULL,\r\n\t\tFechaVencimiento VARCHAR(30) NOT NULL,\r\n\t\tCod_Promocion VARCHAR(30) NOT NULL,\r\n\t\tIngresos_Netos decimal(10,4) NOT NULL)\r\nEND"},{"type":"NonQuery","text":"IF OBJECT_ID(N'dbo.Transformacion9', N'U') IS NULL   \r\nBEGIN\r\n    CREATE TABLE [dbo].[Transformacion9] (\r\n\t\tCod_Producto VARCHAR(5) NOT NULL,\r\n\t\tIngreso_Neto_Promedio decimal(14,4) NOT NULL,\r\n\t\tSuma_Ingresos_Netos decimal(20,4) NOT NULL)\r\nEND"}],"scriptBlockExecutionTimeout":"02:00:00"}}],"policy":{"elapsedTimeMetric":{},"cancelAfter":{}},"annotations":[]},"dependsOn":[]}]}