{"$schema":"http://schema.management.azure.com/schemas/2015-01-01/deploymentTemplate.json#","contentVersion":"1.0.0.0","parameters":{"factoryName":{"type":"string","metadata":"Data Factory name"},"AzureSqlDatabase1":{"type":"string"},"DatalakeLinkedService":{"type":"string"}},"variables":{"factoryId":"[concat('Microsoft.DataFactory/factories/', parameters('factoryName'))]"},"resources":[{"name":"[concat(parameters('factoryName'), '/SQLTablesToCsvTest')]","type":"Microsoft.DataFactory/factories/pipelines","apiVersion":"2018-06-01","properties":{"description":"Itera sobre cada una de las tablas transformadas en SQL y las copia en archivos csv al data lake.","activities":[{"name":"ForEach_j32","type":"ForEach","dependsOn":[],"userProperties":[],"typeProperties":{"items":{"value":"@pipeline().parameters.cw_items","type":"Expression"},"activities":[{"name":"Copy_j32","type":"Copy","dependsOn":[],"policy":{"timeout":"0.12:00:00","retry":0,"retryIntervalInSeconds":30,"secureOutput":false,"secureInput":false},"userProperties":[{"name":"Source","value":"dbo.@{item().source.table}"},{"name":"Destination","value":"sink//@{item().destination.fileName}"}],"typeProperties":{"source":{"type":"AzureSqlSource","partitionOption":"None"},"sink":{"type":"DelimitedTextSink","storeSettings":{"type":"AzureBlobFSWriteSettings"},"formatSettings":{"type":"DelimitedTextWriteSettings","quoteAllText":true,"fileExtension":".txt"}},"enableStaging":false,"validateDataConsistency":false},"inputs":[{"referenceName":"SourceDataset_j32","type":"DatasetReference","parameters":{"cw_table":"@item().source.table"}}],"outputs":[{"referenceName":"DestinationDataset_j32","type":"DatasetReference","parameters":{"cw_fileName":"@item().destination.fileName"}}]}]}}],"policy":{"elapsedTimeMetric":{},"cancelAfter":{}},"parameters":{"cw_items":{"type":"Array","defaultValue":[{"source":{"table":"Transformacion1"},"destination":{"fileName":"dboTransformacion1.csv"}},{"source":{"table":"Transformacion2"},"destination":{"fileName":"dboTransformacion2.csv"}},{"source":{"table":"Transformacion3"},"destination":{"fileName":"dboTransformacion3.csv"}},{"source":{"table":"Transformacion4"},"destination":{"fileName":"dboTransformacion4.csv"}},{"source":{"table":"Transformacion5"},"destination":{"fileName":"dboTransformacion5.csv"}},{"source":{"table":"Transformacion6"},"destination":{"fileName":"dboTransformacion6.csv"}},{"source":{"table":"Transformacion7"},"destination":{"fileName":"dboTransformacion7.csv"}},{"source":{"table":"Transformacion8"},"destination":{"fileName":"dboTransformacion8.csv"}},{"source":{"table":"Transformacion9"},"destination":{"fileName":"dboTransformacion9.csv"}}]}},"annotations":[],"lastPublishTime":"2022-10-27T19:35:27Z"},"dependsOn":["[concat(variables('factoryId'), '/datasets/SourceDataset_j32')]","[concat(variables('factoryId'), '/datasets/DestinationDataset_j32')]"]},{"name":"[concat(parameters('factoryName'), '/SourceDataset_j32')]","type":"Microsoft.DataFactory/factories/datasets","apiVersion":"2018-06-01","properties":{"linkedServiceName":{"referenceName":"[parameters('AzureSqlDatabase1')]","type":"LinkedServiceReference"},"parameters":{"cw_table":{"type":"String"}},"annotations":[],"type":"AzureSqlTable","schema":[],"typeProperties":{"schema":"dbo","table":{"value":"@dataset().cw_table","type":"Expression"}}},"dependsOn":[]},{"name":"[concat(parameters('factoryName'), '/DestinationDataset_j32')]","type":"Microsoft.DataFactory/factories/datasets","apiVersion":"2018-06-01","properties":{"linkedServiceName":{"referenceName":"[parameters('DatalakeLinkedService')]","type":"LinkedServiceReference"},"parameters":{"cw_fileName":{"type":"String"}},"annotations":[],"type":"DelimitedText","typeProperties":{"location":{"type":"AzureBlobFSLocation","fileName":{"value":"@dataset().cw_fileName","type":"Expression"},"fileSystem":"sink"},"columnDelimiter":",","escapeChar":"\\","firstRowAsHeader":true,"quoteChar":"\""},"schema":[]},"dependsOn":[]}]}