{"$schema":"http://schema.management.azure.com/schemas/2015-01-01/deploymentTemplate.json#","contentVersion":"1.0.0.0","parameters":{"factoryName":{"type":"string","metadata":"Data Factory name"},"AzureBlobStorage1":{"type":"string"}},"variables":{"factoryId":"[concat('Microsoft.DataFactory/factories/', parameters('factoryName'))]"},"resources":[{"name":"[concat(parameters('factoryName'), '/Busqueda de tablas CSV')]","type":"Microsoft.DataFactory/factories/pipelines","apiVersion":"2018-06-01","properties":{"activities":[{"name":"Buscar tablas csv","type":"GetMetadata","dependsOn":[],"policy":{"timeout":"0.12:00:00","retry":0,"retryIntervalInSeconds":30,"secureOutput":false,"secureInput":false},"userProperties":[],"typeProperties":{"dataset":{"referenceName":"tablas_csv","type":"DatasetReference","parameters":{}},"fieldList":["childItems"],"storeSettings":{"type":"AzureBlobStorageReadSettings","recursive":true,"enablePartitionDiscovery":false},"formatSettings":{"type":"DelimitedTextReadSettings"}}},{"name":"Iterar archivos csv","type":"ForEach","dependsOn":[{"activity":"Buscar tablas csv","dependencyConditions":["Succeeded"]}],"userProperties":[],"typeProperties":{"items":{"value":"@activity('Buscar tablas csv').output.childItems","type":"Expression"},"isSequential":true,"activities":[{"name":"Nombre archivo csv","type":"AppendVariable","dependsOn":[],"userProperties":[],"typeProperties":{"variableName":"tablas_csv","value":{"value":"@item().name","type":"Expression"}}}]}},{"name":"Crear string tablas","type":"SetVariable","dependsOn":[{"activity":"Iterar archivos csv","dependencyConditions":["Succeeded"]}],"userProperties":[],"typeProperties":{"variableName":"string_archivos","value":{"value":"@join(variables('tablas_csv'),',')","type":"Expression"}}}],"policy":{"elapsedTimeMetric":{},"cancelAfter":{}},"variables":{"tablas_csv":{"type":"Array"},"string_archivos":{"type":"String"},"string_tablas":{"type":"String"}},"annotations":[]},"dependsOn":["[concat(variables('factoryId'), '/datasets/tablas_csv')]"]},{"name":"[concat(parameters('factoryName'), '/tablas_csv')]","type":"Microsoft.DataFactory/factories/datasets","apiVersion":"2018-06-01","properties":{"linkedServiceName":{"referenceName":"[parameters('AzureBlobStorage1')]","type":"LinkedServiceReference"},"annotations":[],"type":"DelimitedText","typeProperties":{"location":{"type":"AzureBlobStorageLocation","container":"tablascsv"},"columnDelimiter":",","escapeChar":"\\","quoteChar":"\""},"schema":[{"type":"String"},{"type":"String"}]},"dependsOn":[]}]}