{"$schema":"http://schema.management.azure.com/schemas/2015-01-01/deploymentTemplate.json#","contentVersion":"1.0.0.0","parameters":{"factoryName":{"type":"string","metadata":"Data Factory name"},"DatabricksParentNotebook":{"type":"string"},"AzureSqlDatabase1":{"type":"string"},"StorageScriptsSQL":{"type":"string"},"DatalakeLinkedService":{"type":"string"}},"variables":{"factoryId":"[concat('Microsoft.DataFactory/factories/', parameters('factoryName'))]"},"resources":[{"name":"[concat(parameters('factoryName'), '/Pipeline ETL completo')]","type":"Microsoft.DataFactory/factories/pipelines","apiVersion":"2018-06-01","properties":{"description":"Crea las tablas de las transformaciones en la db de SQL si no existen, ejecuta todos los notebooks de transformaciones desde el notebook padre y finalmente copia las tablas transformadas desde SQL a archivos csv en el datalake.","activities":[{"name":"Parent Notebook","type":"DatabricksNotebook","dependsOn":[{"activity":"Crear DBs transformaciones","dependencyConditions":["Succeeded"]}],"policy":{"timeout":"0.12:00:00","retry":0,"retryIntervalInSeconds":30,"secureOutput":false,"secureInput":false},"userProperties":[],"typeProperties":{"notebookPath":"/Shared/Parent Notebok"},"linkedServiceName":{"referenceName":"[parameters('DatabricksParentNotebook')]","type":"LinkedServiceReference"}},{"name":"Ejecutar SQLTablesToCsvTest","type":"ExecutePipeline","dependsOn":[{"activity":"Parent Notebook","dependencyConditions":["Succeeded"]}],"userProperties":[],"typeProperties":{"pipeline":{"referenceName":"SQLTablesToCsvTest","type":"PipelineReference"},"waitOnCompletion":true,"parameters":{"cw_items":{"value":"@activity('Parent Notebook').output.runOutput.tablas","type":"Expression"}}}},{"name":"Crear DBs transformaciones","type":"ExecutePipeline","dependsOn":[],"userProperties":[],"typeProperties":{"pipeline":{"referenceName":"Crear tablas desde scripts SQL","type":"PipelineReference"},"waitOnCompletion":true,"parameters":{}}}],"policy":{"elapsedTimeMetric":{},"cancelAfter":{}},"annotations":[],"lastPublishTime":"2022-10-27T19:34:06Z"},"dependsOn":["[concat(variables('factoryId'), '/pipelines/SQLTablesToCsvTest')]","[concat(variables('factoryId'), '/pipelines/Crear tablas desde scripts SQL')]"]},{"name":"[concat(parameters('factoryName'), '/SQLTablesToCsvTest')]","type":"Microsoft.DataFactory/factories/pipelines","apiVersion":"2018-06-01","properties":{"description":"Itera sobre cada una de las tablas transformadas en SQL y las copia en archivos csv al data lake.","activities":[{"name":"ForEach_j32","type":"ForEach","dependsOn":[],"userProperties":[],"typeProperties":{"items":{"value":"@pipeline().parameters.cw_items","type":"Expression"},"activities":[{"name":"Copy_j32","type":"Copy","dependsOn":[],"policy":{"timeout":"0.12:00:00","retry":0,"retryIntervalInSeconds":30,"secureOutput":false,"secureInput":false},"userProperties":[{"name":"Source","value":"dbo.@{item().source.table}"},{"name":"Destination","value":"sink//@{item().destination.fileName}"}],"typeProperties":{"source":{"type":"AzureSqlSource","partitionOption":"None"},"sink":{"type":"DelimitedTextSink","storeSettings":{"type":"AzureBlobFSWriteSettings"},"formatSettings":{"type":"DelimitedTextWriteSettings","quoteAllText":true,"fileExtension":".txt"}},"enableStaging":false,"validateDataConsistency":false},"inputs":[{"referenceName":"SourceDataset_j32","type":"DatasetReference","parameters":{"cw_table":"@item().source.table"}}],"outputs":[{"referenceName":"DestinationDataset_j32","type":"DatasetReference","parameters":{"cw_fileName":"@item().destination.fileName"}}]}]}}],"policy":{"elapsedTimeMetric":{},"cancelAfter":{}},"parameters":{"cw_items":{"type":"Array","defaultValue":[{"source":{"table":"Transformacion1"},"destination":{"fileName":"dboTransformacion1.csv"}},{"source":{"table":"Transformacion2"},"destination":{"fileName":"dboTransformacion2.csv"}},{"source":{"table":"Transformacion3"},"destination":{"fileName":"dboTransformacion3.csv"}},{"source":{"table":"Transformacion4"},"destination":{"fileName":"dboTransformacion4.csv"}},{"source":{"table":"Transformacion5"},"destination":{"fileName":"dboTransformacion5.csv"}},{"source":{"table":"Transformacion6"},"destination":{"fileName":"dboTransformacion6.csv"}},{"source":{"table":"Transformacion7"},"destination":{"fileName":"dboTransformacion7.csv"}},{"source":{"table":"Transformacion8"},"destination":{"fileName":"dboTransformacion8.csv"}},{"source":{"table":"Transformacion9"},"destination":{"fileName":"dboTransformacion9.csv"}}]}},"annotations":[],"lastPublishTime":"2022-10-27T19:35:27Z"},"dependsOn":["[concat(variables('factoryId'), '/datasets/SourceDataset_j32')]","[concat(variables('factoryId'), '/datasets/DestinationDataset_j32')]"]},{"name":"[concat(parameters('factoryName'), '/Crear tablas desde scripts SQL')]","type":"Microsoft.DataFactory/factories/pipelines","apiVersion":"2018-06-01","properties":{"activities":[{"name":"Leer carpeta scripts","type":"GetMetadata","dependsOn":[],"policy":{"timeout":"0.12:00:00","retry":0,"retryIntervalInSeconds":30,"secureOutput":false,"secureInput":false},"userProperties":[],"typeProperties":{"dataset":{"referenceName":"Scripts_SQL","type":"DatasetReference","parameters":{}},"fieldList":["childItems"],"storeSettings":{"type":"AzureBlobStorageReadSettings","enablePartitionDiscovery":false},"formatSettings":{"type":"DelimitedTextReadSettings"}}},{"name":"Iterar creacion de tablas","type":"ForEach","dependsOn":[{"activity":"Leer carpeta scripts","dependencyConditions":["Succeeded"]}],"userProperties":[],"typeProperties":{"items":{"value":"@activity('Leer carpeta scripts').output.childItems","type":"Expression"},"isSequential":true,"activities":[{"name":"Leer script","type":"WebActivity","dependsOn":[{"activity":"Crear url al script","dependencyConditions":["Succeeded"]}],"policy":{"timeout":"0.12:00:00","retry":0,"retryIntervalInSeconds":30,"secureOutput":false,"secureInput":false},"userProperties":[],"typeProperties":{"url":{"value":"@variables('scripturl')","type":"Expression"},"method":"GET","headers":{"x-ms-version":"2017-11-09","x-ms-blob-type":"BlockBlob"},"authentication":{"type":"MSI","resource":"https://storage.azure.com/"}}},{"name":"Crear url al script","type":"SetVariable","dependsOn":[],"userProperties":[],"typeProperties":{"variableName":"scripturl","value":{"value":"@concat('https://stoaccgrupo1.blob.core.windows.net/sqlscripts/',item().name)","type":"Expression"}}},{"name":"Ejecutar script","type":"Script","dependsOn":[{"activity":"Leer script","dependencyConditions":["Succeeded"]}],"policy":{"timeout":"0.12:00:00","retry":0,"retryIntervalInSeconds":30,"secureOutput":false,"secureInput":false},"userProperties":[],"linkedServiceName":{"referenceName":"[parameters('AzureSqlDatabase1')]","type":"LinkedServiceReference"},"typeProperties":{"scripts":[{"type":"NonQuery","text":{"value":"@activity('Leer script').output.Response","type":"Expression"}}],"scriptBlockExecutionTimeout":"02:00:00"}}]}}],"policy":{"elapsedTimeMetric":{},"cancelAfter":{}},"variables":{"scripturl":{"type":"String"}},"annotations":[]},"dependsOn":["[concat(variables('factoryId'), '/datasets/Scripts_SQL')]"]},{"name":"[concat(parameters('factoryName'), '/Scripts_SQL')]","type":"Microsoft.DataFactory/factories/datasets","apiVersion":"2018-06-01","properties":{"linkedServiceName":{"referenceName":"[parameters('StorageScriptsSQL')]","type":"LinkedServiceReference"},"annotations":[],"type":"DelimitedText","typeProperties":{"location":{"type":"AzureBlobStorageLocation","container":"sqlscripts"},"columnDelimiter":",","escapeChar":"\\","quoteChar":"\""},"schema":[]},"dependsOn":[]},{"name":"[concat(parameters('factoryName'), '/SourceDataset_j32')]","type":"Microsoft.DataFactory/factories/datasets","apiVersion":"2018-06-01","properties":{"linkedServiceName":{"referenceName":"[parameters('AzureSqlDatabase1')]","type":"LinkedServiceReference"},"parameters":{"cw_table":{"type":"String"}},"annotations":[],"type":"AzureSqlTable","schema":[],"typeProperties":{"schema":"dbo","table":{"value":"@dataset().cw_table","type":"Expression"}}},"dependsOn":[]},{"name":"[concat(parameters('factoryName'), '/DestinationDataset_j32')]","type":"Microsoft.DataFactory/factories/datasets","apiVersion":"2018-06-01","properties":{"linkedServiceName":{"referenceName":"[parameters('DatalakeLinkedService')]","type":"LinkedServiceReference"},"parameters":{"cw_fileName":{"type":"String"}},"annotations":[],"type":"DelimitedText","typeProperties":{"location":{"type":"AzureBlobFSLocation","fileName":{"value":"@dataset().cw_fileName","type":"Expression"},"fileSystem":"sink"},"columnDelimiter":",","escapeChar":"\\","firstRowAsHeader":true,"quoteChar":"\""},"schema":[]},"dependsOn":[]}]}